aug_id,orig_id,type,alt_index,question,answer,structure_type,orig_question,context
56be85543aeaaa14008c9063::SEM::0,56be85543aeaaa14008c9063,SEMANTIC,0,What was the name of the group Beyoncé was part of before her solo career?,Destiny's Child,,When did Beyonce start becoming popular?,"Beyoncé Giselle Knowles-Carter (/biːˈjɒnseɪ/ bee-YON-say) (born September 4, 1981) is an American singer, songwriter, record producer and actress. Born and raised in Houston, Texas, she performed in various singing and dancing competitions as a child, and rose to fame in the late 1990s as lead singer of R&B girl-group Destiny's Child. Managed by her father, Mathew Knowles, the group became one of the world's best-selling girl groups of all time. Their hiatus saw the release of Beyoncé's debut album, Dangerously in Love (2003), which established her as a solo artist worldwide, earned five Grammy Awards and featured the Billboard Hot 100 number-one singles ""Crazy in Love"" and ""Baby Boy""."
56be85543aeaaa14008c9063::SEM::1,56be85543aeaaa14008c9063,SEMANTIC,1,What was the name of Beyoncé's debut album?,Dangerously in Love,,When did Beyonce start becoming popular?,"Beyoncé Giselle Knowles-Carter (/biːˈjɒnseɪ/ bee-YON-say) (born September 4, 1981) is an American singer, songwriter, record producer and actress. Born and raised in Houston, Texas, she performed in various singing and dancing competitions as a child, and rose to fame in the late 1990s as lead singer of R&B girl-group Destiny's Child. Managed by her father, Mathew Knowles, the group became one of the world's best-selling girl groups of all time. Their hiatus saw the release of Beyoncé's debut album, Dangerously in Love (2003), which established her as a solo artist worldwide, earned five Grammy Awards and featured the Billboard Hot 100 number-one singles ""Crazy in Love"" and ""Baby Boy""."
56be85543aeaaa14008c9063::SEM::2,56be85543aeaaa14008c9063,SEMANTIC,2,Where did Beyoncé grow up?,"Houston, Texas",,When did Beyonce start becoming popular?,"Beyoncé Giselle Knowles-Carter (/biːˈjɒnseɪ/ bee-YON-say) (born September 4, 1981) is an American singer, songwriter, record producer and actress. Born and raised in Houston, Texas, she performed in various singing and dancing competitions as a child, and rose to fame in the late 1990s as lead singer of R&B girl-group Destiny's Child. Managed by her father, Mathew Knowles, the group became one of the world's best-selling girl groups of all time. Their hiatus saw the release of Beyoncé's debut album, Dangerously in Love (2003), which established her as a solo artist worldwide, earned five Grammy Awards and featured the Billboard Hot 100 number-one singles ""Crazy in Love"" and ""Baby Boy""."
56be85543aeaaa14008c9063::SYN::0,56be85543aeaaa14008c9063,SYNTACTIC,0,Beyoncé gained popularity in the late 1990s.,,passive,When did Beyonce start becoming popular?,"Beyoncé Giselle Knowles-Carter (/biːˈjɒnseɪ/ bee-YON-say) (born September 4, 1981) is an American singer, songwriter, record producer and actress. Born and raised in Houston, Texas, she performed in various singing and dancing competitions as a child, and rose to fame in the late 1990s as lead singer of R&B girl-group Destiny's Child. Managed by her father, Mathew Knowles, the group became one of the world's best-selling girl groups of all time. Their hiatus saw the release of Beyoncé's debut album, Dangerously in Love (2003), which established her as a solo artist worldwide, earned five Grammy Awards and featured the Billboard Hot 100 number-one singles ""Crazy in Love"" and ""Baby Boy""."
56be85543aeaaa14008c9063::SYN::1,56be85543aeaaa14008c9063,SYNTACTIC,1,When did Beyoncé rise to fame?,,interrogative,When did Beyonce start becoming popular?,"Beyoncé Giselle Knowles-Carter (/biːˈjɒnseɪ/ bee-YON-say) (born September 4, 1981) is an American singer, songwriter, record producer and actress. Born and raised in Houston, Texas, she performed in various singing and dancing competitions as a child, and rose to fame in the late 1990s as lead singer of R&B girl-group Destiny's Child. Managed by her father, Mathew Knowles, the group became one of the world's best-selling girl groups of all time. Their hiatus saw the release of Beyoncé's debut album, Dangerously in Love (2003), which established her as a solo artist worldwide, earned five Grammy Awards and featured the Billboard Hot 100 number-one singles ""Crazy in Love"" and ""Baby Boy""."
56be85543aeaaa14008c9063::SYN::2,56be85543aeaaa14008c9063,SYNTACTIC,2,The late 1990s saw the rise of Beyoncé to fame.,,complex,When did Beyonce start becoming popular?,"Beyoncé Giselle Knowles-Carter (/biːˈjɒnseɪ/ bee-YON-say) (born September 4, 1981) is an American singer, songwriter, record producer and actress. Born and raised in Houston, Texas, she performed in various singing and dancing competitions as a child, and rose to fame in the late 1990s as lead singer of R&B girl-group Destiny's Child. Managed by her father, Mathew Knowles, the group became one of the world's best-selling girl groups of all time. Their hiatus saw the release of Beyoncé's debut album, Dangerously in Love (2003), which established her as a solo artist worldwide, earned five Grammy Awards and featured the Billboard Hot 100 number-one singles ""Crazy in Love"" and ""Baby Boy""."
56be85543aeaaa14008c9063::LEX::0,56be85543aeaaa14008c9063,LEXICAL,0,At what point in time did Beyoncé gain widespread recognition?,,,When did Beyonce start becoming popular?,"Beyoncé Giselle Knowles-Carter (/biːˈjɒnseɪ/ bee-YON-say) (born September 4, 1981) is an American singer, songwriter, record producer and actress. Born and raised in Houston, Texas, she performed in various singing and dancing competitions as a child, and rose to fame in the late 1990s as lead singer of R&B girl-group Destiny's Child. Managed by her father, Mathew Knowles, the group became one of the world's best-selling girl groups of all time. Their hiatus saw the release of Beyoncé's debut album, Dangerously in Love (2003), which established her as a solo artist worldwide, earned five Grammy Awards and featured the Billboard Hot 100 number-one singles ""Crazy in Love"" and ""Baby Boy""."
56be85543aeaaa14008c9063::LEX::1,56be85543aeaaa14008c9063,LEXICAL,1,When did Beyoncé rise to fame?,,,When did Beyonce start becoming popular?,"Beyoncé Giselle Knowles-Carter (/biːˈjɒnseɪ/ bee-YON-say) (born September 4, 1981) is an American singer, songwriter, record producer and actress. Born and raised in Houston, Texas, she performed in various singing and dancing competitions as a child, and rose to fame in the late 1990s as lead singer of R&B girl-group Destiny's Child. Managed by her father, Mathew Knowles, the group became one of the world's best-selling girl groups of all time. Their hiatus saw the release of Beyoncé's debut album, Dangerously in Love (2003), which established her as a solo artist worldwide, earned five Grammy Awards and featured the Billboard Hot 100 number-one singles ""Crazy in Love"" and ""Baby Boy""."
56be85543aeaaa14008c9063::LEX::2,56be85543aeaaa14008c9063,LEXICAL,2,What period marked the beginning of Beyoncé's popularity?,,,When did Beyonce start becoming popular?,"Beyoncé Giselle Knowles-Carter (/biːˈjɒnseɪ/ bee-YON-say) (born September 4, 1981) is an American singer, songwriter, record producer and actress. Born and raised in Houston, Texas, she performed in various singing and dancing competitions as a child, and rose to fame in the late 1990s as lead singer of R&B girl-group Destiny's Child. Managed by her father, Mathew Knowles, the group became one of the world's best-selling girl groups of all time. Their hiatus saw the release of Beyoncé's debut album, Dangerously in Love (2003), which established her as a solo artist worldwide, earned five Grammy Awards and featured the Billboard Hot 100 number-one singles ""Crazy in Love"" and ""Baby Boy""."
56be85543aeaaa14008c9065::SEM::0,56be85543aeaaa14008c9065,SEMANTIC,0,What was the name of the group that launched Beyoncé's career?,Destiny's Child,,What areas did Beyonce compete in when she was growing up?,"Beyoncé Giselle Knowles-Carter (/biːˈjɒnseɪ/ bee-YON-say) (born September 4, 1981) is an American singer, songwriter, record producer and actress. Born and raised in Houston, Texas, she performed in various singing and dancing competitions as a child, and rose to fame in the late 1990s as lead singer of R&B girl-group Destiny's Child. Managed by her father, Mathew Knowles, the group became one of the world's best-selling girl groups of all time. Their hiatus saw the release of Beyoncé's debut album, Dangerously in Love (2003), which established her as a solo artist worldwide, earned five Grammy Awards and featured the Billboard Hot 100 number-one singles ""Crazy in Love"" and ""Baby Boy""."
56be85543aeaaa14008c9065::SEM::1,56be85543aeaaa14008c9065,SEMANTIC,1,How many Grammy Awards did Beyoncé's debut album earn?,five,,What areas did Beyonce compete in when she was growing up?,"Beyoncé Giselle Knowles-Carter (/biːˈjɒnseɪ/ bee-YON-say) (born September 4, 1981) is an American singer, songwriter, record producer and actress. Born and raised in Houston, Texas, she performed in various singing and dancing competitions as a child, and rose to fame in the late 1990s as lead singer of R&B girl-group Destiny's Child. Managed by her father, Mathew Knowles, the group became one of the world's best-selling girl groups of all time. Their hiatus saw the release of Beyoncé's debut album, Dangerously in Love (2003), which established her as a solo artist worldwide, earned five Grammy Awards and featured the Billboard Hot 100 number-one singles ""Crazy in Love"" and ""Baby Boy""."
56be85543aeaaa14008c9065::SEM::2,56be85543aeaaa14008c9065,SEMANTIC,2,Where was Beyoncé born and raised?,"Houston, Texas",,What areas did Beyonce compete in when she was growing up?,"Beyoncé Giselle Knowles-Carter (/biːˈjɒnseɪ/ bee-YON-say) (born September 4, 1981) is an American singer, songwriter, record producer and actress. Born and raised in Houston, Texas, she performed in various singing and dancing competitions as a child, and rose to fame in the late 1990s as lead singer of R&B girl-group Destiny's Child. Managed by her father, Mathew Knowles, the group became one of the world's best-selling girl groups of all time. Their hiatus saw the release of Beyoncé's debut album, Dangerously in Love (2003), which established her as a solo artist worldwide, earned five Grammy Awards and featured the Billboard Hot 100 number-one singles ""Crazy in Love"" and ""Baby Boy""."
56be85543aeaaa14008c9065::SYN::0,56be85543aeaaa14008c9065,SYNTACTIC,0,In what areas did Beyoncé participate in competitions during her childhood?,,complex,What areas did Beyonce compete in when she was growing up?,"Beyoncé Giselle Knowles-Carter (/biːˈjɒnseɪ/ bee-YON-say) (born September 4, 1981) is an American singer, songwriter, record producer and actress. Born and raised in Houston, Texas, she performed in various singing and dancing competitions as a child, and rose to fame in the late 1990s as lead singer of R&B girl-group Destiny's Child. Managed by her father, Mathew Knowles, the group became one of the world's best-selling girl groups of all time. Their hiatus saw the release of Beyoncé's debut album, Dangerously in Love (2003), which established her as a solo artist worldwide, earned five Grammy Awards and featured the Billboard Hot 100 number-one singles ""Crazy in Love"" and ""Baby Boy""."
56be85543aeaaa14008c9065::SYN::1,56be85543aeaaa14008c9065,SYNTACTIC,1,What competitions did a young Beyoncé compete in?,,simple,What areas did Beyonce compete in when she was growing up?,"Beyoncé Giselle Knowles-Carter (/biːˈjɒnseɪ/ bee-YON-say) (born September 4, 1981) is an American singer, songwriter, record producer and actress. Born and raised in Houston, Texas, she performed in various singing and dancing competitions as a child, and rose to fame in the late 1990s as lead singer of R&B girl-group Destiny's Child. Managed by her father, Mathew Knowles, the group became one of the world's best-selling girl groups of all time. Their hiatus saw the release of Beyoncé's debut album, Dangerously in Love (2003), which established her as a solo artist worldwide, earned five Grammy Awards and featured the Billboard Hot 100 number-one singles ""Crazy in Love"" and ""Baby Boy""."
56be85543aeaaa14008c9065::SYN::2,56be85543aeaaa14008c9065,SYNTACTIC,2,"As a child, what types of competitions did Beyoncé participate in?",,complex,What areas did Beyonce compete in when she was growing up?,"Beyoncé Giselle Knowles-Carter (/biːˈjɒnseɪ/ bee-YON-say) (born September 4, 1981) is an American singer, songwriter, record producer and actress. Born and raised in Houston, Texas, she performed in various singing and dancing competitions as a child, and rose to fame in the late 1990s as lead singer of R&B girl-group Destiny's Child. Managed by her father, Mathew Knowles, the group became one of the world's best-selling girl groups of all time. Their hiatus saw the release of Beyoncé's debut album, Dangerously in Love (2003), which established her as a solo artist worldwide, earned five Grammy Awards and featured the Billboard Hot 100 number-one singles ""Crazy in Love"" and ""Baby Boy""."
56be85543aeaaa14008c9065::LEX::0,56be85543aeaaa14008c9065,LEXICAL,0,What types of competitions did Beyoncé participate in during her childhood?,,,What areas did Beyonce compete in when she was growing up?,"Beyoncé Giselle Knowles-Carter (/biːˈjɒnseɪ/ bee-YON-say) (born September 4, 1981) is an American singer, songwriter, record producer and actress. Born and raised in Houston, Texas, she performed in various singing and dancing competitions as a child, and rose to fame in the late 1990s as lead singer of R&B girl-group Destiny's Child. Managed by her father, Mathew Knowles, the group became one of the world's best-selling girl groups of all time. Their hiatus saw the release of Beyoncé's debut album, Dangerously in Love (2003), which established her as a solo artist worldwide, earned five Grammy Awards and featured the Billboard Hot 100 number-one singles ""Crazy in Love"" and ""Baby Boy""."
56be85543aeaaa14008c9065::LEX::1,56be85543aeaaa14008c9065,LEXICAL,1,What activities did Beyoncé compete in as a young girl?,,,What areas did Beyonce compete in when she was growing up?,"Beyoncé Giselle Knowles-Carter (/biːˈjɒnseɪ/ bee-YON-say) (born September 4, 1981) is an American singer, songwriter, record producer and actress. Born and raised in Houston, Texas, she performed in various singing and dancing competitions as a child, and rose to fame in the late 1990s as lead singer of R&B girl-group Destiny's Child. Managed by her father, Mathew Knowles, the group became one of the world's best-selling girl groups of all time. Their hiatus saw the release of Beyoncé's debut album, Dangerously in Love (2003), which established her as a solo artist worldwide, earned five Grammy Awards and featured the Billboard Hot 100 number-one singles ""Crazy in Love"" and ""Baby Boy""."
56be85543aeaaa14008c9065::LEX::2,56be85543aeaaa14008c9065,LEXICAL,2,What fields did Beyoncé show her skills in through competitions as a child?,,,What areas did Beyonce compete in when she was growing up?,"Beyoncé Giselle Knowles-Carter (/biːˈjɒnseɪ/ bee-YON-say) (born September 4, 1981) is an American singer, songwriter, record producer and actress. Born and raised in Houston, Texas, she performed in various singing and dancing competitions as a child, and rose to fame in the late 1990s as lead singer of R&B girl-group Destiny's Child. Managed by her father, Mathew Knowles, the group became one of the world's best-selling girl groups of all time. Their hiatus saw the release of Beyoncé's debut album, Dangerously in Love (2003), which established her as a solo artist worldwide, earned five Grammy Awards and featured the Billboard Hot 100 number-one singles ""Crazy in Love"" and ""Baby Boy""."
56be85543aeaaa14008c9066::SEM::0,56be85543aeaaa14008c9066,SEMANTIC,0,What was the name of Beyoncé's debut album released in 2003?,Dangerously in Love,,When did Beyonce leave Destiny's Child and become a solo singer?,"Beyoncé Giselle Knowles-Carter (/biːˈjɒnseɪ/ bee-YON-say) (born September 4, 1981) is an American singer, songwriter, record producer and actress. Born and raised in Houston, Texas, she performed in various singing and dancing competitions as a child, and rose to fame in the late 1990s as lead singer of R&B girl-group Destiny's Child. Managed by her father, Mathew Knowles, the group became one of the world's best-selling girl groups of all time. Their hiatus saw the release of Beyoncé's debut album, Dangerously in Love (2003), which established her as a solo artist worldwide, earned five Grammy Awards and featured the Billboard Hot 100 number-one singles ""Crazy in Love"" and ""Baby Boy""."
56be85543aeaaa14008c9066::SEM::1,56be85543aeaaa14008c9066,SEMANTIC,1,Who managed Destiny's Child during their rise to fame?,Mathew Knowles,,When did Beyonce leave Destiny's Child and become a solo singer?,"Beyoncé Giselle Knowles-Carter (/biːˈjɒnseɪ/ bee-YON-say) (born September 4, 1981) is an American singer, songwriter, record producer and actress. Born and raised in Houston, Texas, she performed in various singing and dancing competitions as a child, and rose to fame in the late 1990s as lead singer of R&B girl-group Destiny's Child. Managed by her father, Mathew Knowles, the group became one of the world's best-selling girl groups of all time. Their hiatus saw the release of Beyoncé's debut album, Dangerously in Love (2003), which established her as a solo artist worldwide, earned five Grammy Awards and featured the Billboard Hot 100 number-one singles ""Crazy in Love"" and ""Baby Boy""."
56be85543aeaaa14008c9066::SEM::2,56be85543aeaaa14008c9066,SEMANTIC,2,What were the names of the two Billboard Hot 100 number-one singles from Beyoncé's debut album?,"""Crazy in Love"" and ""Baby Boy""",,When did Beyonce leave Destiny's Child and become a solo singer?,"Beyoncé Giselle Knowles-Carter (/biːˈjɒnseɪ/ bee-YON-say) (born September 4, 1981) is an American singer, songwriter, record producer and actress. Born and raised in Houston, Texas, she performed in various singing and dancing competitions as a child, and rose to fame in the late 1990s as lead singer of R&B girl-group Destiny's Child. Managed by her father, Mathew Knowles, the group became one of the world's best-selling girl groups of all time. Their hiatus saw the release of Beyoncé's debut album, Dangerously in Love (2003), which established her as a solo artist worldwide, earned five Grammy Awards and featured the Billboard Hot 100 number-one singles ""Crazy in Love"" and ""Baby Boy""."
56be85543aeaaa14008c9066::SYN::0,56be85543aeaaa14008c9066,SYNTACTIC,0,Beyoncé became a solo singer after leaving Destiny's Child in the late 1990s hiatus.,,passive,When did Beyonce leave Destiny's Child and become a solo singer?,"Beyoncé Giselle Knowles-Carter (/biːˈjɒnseɪ/ bee-YON-say) (born September 4, 1981) is an American singer, songwriter, record producer and actress. Born and raised in Houston, Texas, she performed in various singing and dancing competitions as a child, and rose to fame in the late 1990s as lead singer of R&B girl-group Destiny's Child. Managed by her father, Mathew Knowles, the group became one of the world's best-selling girl groups of all time. Their hiatus saw the release of Beyoncé's debut album, Dangerously in Love (2003), which established her as a solo artist worldwide, earned five Grammy Awards and featured the Billboard Hot 100 number-one singles ""Crazy in Love"" and ""Baby Boy""."
56be85543aeaaa14008c9066::SYN::1,56be85543aeaaa14008c9066,SYNTACTIC,1,When did Beyoncé transition from Destiny's Child to a solo music career?,,complex,When did Beyonce leave Destiny's Child and become a solo singer?,"Beyoncé Giselle Knowles-Carter (/biːˈjɒnseɪ/ bee-YON-say) (born September 4, 1981) is an American singer, songwriter, record producer and actress. Born and raised in Houston, Texas, she performed in various singing and dancing competitions as a child, and rose to fame in the late 1990s as lead singer of R&B girl-group Destiny's Child. Managed by her father, Mathew Knowles, the group became one of the world's best-selling girl groups of all time. Their hiatus saw the release of Beyoncé's debut album, Dangerously in Love (2003), which established her as a solo artist worldwide, earned five Grammy Awards and featured the Billboard Hot 100 number-one singles ""Crazy in Love"" and ""Baby Boy""."
56be85543aeaaa14008c9066::SYN::2,56be85543aeaaa14008c9066,SYNTACTIC,2,What time period saw Beyoncé's departure from Destiny's Child and the beginning of her solo singing career?,,complex,When did Beyonce leave Destiny's Child and become a solo singer?,"Beyoncé Giselle Knowles-Carter (/biːˈjɒnseɪ/ bee-YON-say) (born September 4, 1981) is an American singer, songwriter, record producer and actress. Born and raised in Houston, Texas, she performed in various singing and dancing competitions as a child, and rose to fame in the late 1990s as lead singer of R&B girl-group Destiny's Child. Managed by her father, Mathew Knowles, the group became one of the world's best-selling girl groups of all time. Their hiatus saw the release of Beyoncé's debut album, Dangerously in Love (2003), which established her as a solo artist worldwide, earned five Grammy Awards and featured the Billboard Hot 100 number-one singles ""Crazy in Love"" and ""Baby Boy""."
56be85543aeaaa14008c9066::LEX::0,56be85543aeaaa14008c9066,LEXICAL,0,At what point did Beyoncé transition from being the lead singer of Destiny's Child to pursuing a solo music career?,,,When did Beyonce leave Destiny's Child and become a solo singer?,"Beyoncé Giselle Knowles-Carter (/biːˈjɒnseɪ/ bee-YON-say) (born September 4, 1981) is an American singer, songwriter, record producer and actress. Born and raised in Houston, Texas, she performed in various singing and dancing competitions as a child, and rose to fame in the late 1990s as lead singer of R&B girl-group Destiny's Child. Managed by her father, Mathew Knowles, the group became one of the world's best-selling girl groups of all time. Their hiatus saw the release of Beyoncé's debut album, Dangerously in Love (2003), which established her as a solo artist worldwide, earned five Grammy Awards and featured the Billboard Hot 100 number-one singles ""Crazy in Love"" and ""Baby Boy""."
56be85543aeaaa14008c9066::LEX::1,56be85543aeaaa14008c9066,LEXICAL,1,When did Beyoncé's solo music career begin after her time with Destiny's Child?,,,When did Beyonce leave Destiny's Child and become a solo singer?,"Beyoncé Giselle Knowles-Carter (/biːˈjɒnseɪ/ bee-YON-say) (born September 4, 1981) is an American singer, songwriter, record producer and actress. Born and raised in Houston, Texas, she performed in various singing and dancing competitions as a child, and rose to fame in the late 1990s as lead singer of R&B girl-group Destiny's Child. Managed by her father, Mathew Knowles, the group became one of the world's best-selling girl groups of all time. Their hiatus saw the release of Beyoncé's debut album, Dangerously in Love (2003), which established her as a solo artist worldwide, earned five Grammy Awards and featured the Billboard Hot 100 number-one singles ""Crazy in Love"" and ""Baby Boy""."
56be85543aeaaa14008c9066::LEX::2,56be85543aeaaa14008c9066,LEXICAL,2,What year did Beyoncé part ways with Destiny's Child to establish herself as a solo artist?,,,When did Beyonce leave Destiny's Child and become a solo singer?,"Beyoncé Giselle Knowles-Carter (/biːˈjɒnseɪ/ bee-YON-say) (born September 4, 1981) is an American singer, songwriter, record producer and actress. Born and raised in Houston, Texas, she performed in various singing and dancing competitions as a child, and rose to fame in the late 1990s as lead singer of R&B girl-group Destiny's Child. Managed by her father, Mathew Knowles, the group became one of the world's best-selling girl groups of all time. Their hiatus saw the release of Beyoncé's debut album, Dangerously in Love (2003), which established her as a solo artist worldwide, earned five Grammy Awards and featured the Billboard Hot 100 number-one singles ""Crazy in Love"" and ""Baby Boy""."
56bf6b0f3aeaaa14008c9601::SEM::0,56bf6b0f3aeaaa14008c9601,SEMANTIC,0,What was the name of the group that launched Beyoncé's career?,Destiny's Child,,In what city and state did Beyonce  grow up? ,"Beyoncé Giselle Knowles-Carter (/biːˈjɒnseɪ/ bee-YON-say) (born September 4, 1981) is an American singer, songwriter, record producer and actress. Born and raised in Houston, Texas, she performed in various singing and dancing competitions as a child, and rose to fame in the late 1990s as lead singer of R&B girl-group Destiny's Child. Managed by her father, Mathew Knowles, the group became one of the world's best-selling girl groups of all time. Their hiatus saw the release of Beyoncé's debut album, Dangerously in Love (2003), which established her as a solo artist worldwide, earned five Grammy Awards and featured the Billboard Hot 100 number-one singles ""Crazy in Love"" and ""Baby Boy""."
56bf6b0f3aeaaa14008c9601::SEM::1,56bf6b0f3aeaaa14008c9601,SEMANTIC,1,How many Grammy Awards did Beyoncé's debut album earn?,five,,In what city and state did Beyonce  grow up? ,"Beyoncé Giselle Knowles-Carter (/biːˈjɒnseɪ/ bee-YON-say) (born September 4, 1981) is an American singer, songwriter, record producer and actress. Born and raised in Houston, Texas, she performed in various singing and dancing competitions as a child, and rose to fame in the late 1990s as lead singer of R&B girl-group Destiny's Child. Managed by her father, Mathew Knowles, the group became one of the world's best-selling girl groups of all time. Their hiatus saw the release of Beyoncé's debut album, Dangerously in Love (2003), which established her as a solo artist worldwide, earned five Grammy Awards and featured the Billboard Hot 100 number-one singles ""Crazy in Love"" and ""Baby Boy""."
56bf6b0f3aeaaa14008c9601::SEM::2,56bf6b0f3aeaaa14008c9601,SEMANTIC,2,What were the names of the two Billboard Hot 100 number-one singles from Beyoncé's debut album?,Crazy in Love and Baby Boy,,In what city and state did Beyonce  grow up? ,"Beyoncé Giselle Knowles-Carter (/biːˈjɒnseɪ/ bee-YON-say) (born September 4, 1981) is an American singer, songwriter, record producer and actress. Born and raised in Houston, Texas, she performed in various singing and dancing competitions as a child, and rose to fame in the late 1990s as lead singer of R&B girl-group Destiny's Child. Managed by her father, Mathew Knowles, the group became one of the world's best-selling girl groups of all time. Their hiatus saw the release of Beyoncé's debut album, Dangerously in Love (2003), which established her as a solo artist worldwide, earned five Grammy Awards and featured the Billboard Hot 100 number-one singles ""Crazy in Love"" and ""Baby Boy""."
56bf6b0f3aeaaa14008c9601::SYN::0,56bf6b0f3aeaaa14008c9601,SYNTACTIC,0,Beyoncé was raised in which city and state?,,passive,In what city and state did Beyonce  grow up? ,"Beyoncé Giselle Knowles-Carter (/biːˈjɒnseɪ/ bee-YON-say) (born September 4, 1981) is an American singer, songwriter, record producer and actress. Born and raised in Houston, Texas, she performed in various singing and dancing competitions as a child, and rose to fame in the late 1990s as lead singer of R&B girl-group Destiny's Child. Managed by her father, Mathew Knowles, the group became one of the world's best-selling girl groups of all time. Their hiatus saw the release of Beyoncé's debut album, Dangerously in Love (2003), which established her as a solo artist worldwide, earned five Grammy Awards and featured the Billboard Hot 100 number-one singles ""Crazy in Love"" and ""Baby Boy""."
56bf6b0f3aeaaa14008c9601::SYN::1,56bf6b0f3aeaaa14008c9601,SYNTACTIC,1,What city and state was Beyoncé's upbringing in?,,complex,In what city and state did Beyonce  grow up? ,"Beyoncé Giselle Knowles-Carter (/biːˈjɒnseɪ/ bee-YON-say) (born September 4, 1981) is an American singer, songwriter, record producer and actress. Born and raised in Houston, Texas, she performed in various singing and dancing competitions as a child, and rose to fame in the late 1990s as lead singer of R&B girl-group Destiny's Child. Managed by her father, Mathew Knowles, the group became one of the world's best-selling girl groups of all time. Their hiatus saw the release of Beyoncé's debut album, Dangerously in Love (2003), which established her as a solo artist worldwide, earned five Grammy Awards and featured the Billboard Hot 100 number-one singles ""Crazy in Love"" and ""Baby Boy""."
56bf6b0f3aeaaa14008c9601::SYN::2,56bf6b0f3aeaaa14008c9601,SYNTACTIC,2,Where in the United States did Beyoncé grow up?,,simple,In what city and state did Beyonce  grow up? ,"Beyoncé Giselle Knowles-Carter (/biːˈjɒnseɪ/ bee-YON-say) (born September 4, 1981) is an American singer, songwriter, record producer and actress. Born and raised in Houston, Texas, she performed in various singing and dancing competitions as a child, and rose to fame in the late 1990s as lead singer of R&B girl-group Destiny's Child. Managed by her father, Mathew Knowles, the group became one of the world's best-selling girl groups of all time. Their hiatus saw the release of Beyoncé's debut album, Dangerously in Love (2003), which established her as a solo artist worldwide, earned five Grammy Awards and featured the Billboard Hot 100 number-one singles ""Crazy in Love"" and ""Baby Boy""."
56bf6b0f3aeaaa14008c9601::LEX::0,56bf6b0f3aeaaa14008c9601,LEXICAL,0,Where was Beyoncé raised?,,,In what city and state did Beyonce  grow up? ,"Beyoncé Giselle Knowles-Carter (/biːˈjɒnseɪ/ bee-YON-say) (born September 4, 1981) is an American singer, songwriter, record producer and actress. Born and raised in Houston, Texas, she performed in various singing and dancing competitions as a child, and rose to fame in the late 1990s as lead singer of R&B girl-group Destiny's Child. Managed by her father, Mathew Knowles, the group became one of the world's best-selling girl groups of all time. Their hiatus saw the release of Beyoncé's debut album, Dangerously in Love (2003), which established her as a solo artist worldwide, earned five Grammy Awards and featured the Billboard Hot 100 number-one singles ""Crazy in Love"" and ""Baby Boy""."
56bf6b0f3aeaaa14008c9601::LEX::1,56bf6b0f3aeaaa14008c9601,LEXICAL,1,In which city and state did Beyoncé spend her childhood?,,,In what city and state did Beyonce  grow up? ,"Beyoncé Giselle Knowles-Carter (/biːˈjɒnseɪ/ bee-YON-say) (born September 4, 1981) is an American singer, songwriter, record producer and actress. Born and raised in Houston, Texas, she performed in various singing and dancing competitions as a child, and rose to fame in the late 1990s as lead singer of R&B girl-group Destiny's Child. Managed by her father, Mathew Knowles, the group became one of the world's best-selling girl groups of all time. Their hiatus saw the release of Beyoncé's debut album, Dangerously in Love (2003), which established her as a solo artist worldwide, earned five Grammy Awards and featured the Billboard Hot 100 number-one singles ""Crazy in Love"" and ""Baby Boy""."
56bf6b0f3aeaaa14008c9601::LEX::2,56bf6b0f3aeaaa14008c9601,LEXICAL,2,What was Beyoncé's hometown and state during her upbringing?,,,In what city and state did Beyonce  grow up? ,"Beyoncé Giselle Knowles-Carter (/biːˈjɒnseɪ/ bee-YON-say) (born September 4, 1981) is an American singer, songwriter, record producer and actress. Born and raised in Houston, Texas, she performed in various singing and dancing competitions as a child, and rose to fame in the late 1990s as lead singer of R&B girl-group Destiny's Child. Managed by her father, Mathew Knowles, the group became one of the world's best-selling girl groups of all time. Their hiatus saw the release of Beyoncé's debut album, Dangerously in Love (2003), which established her as a solo artist worldwide, earned five Grammy Awards and featured the Billboard Hot 100 number-one singles ""Crazy in Love"" and ""Baby Boy""."
56bf6b0f3aeaaa14008c9602::SEM::0,56bf6b0f3aeaaa14008c9602,SEMANTIC,0,What was the name of the group that launched Beyoncé's career?,Destiny's Child,,In which decade did Beyonce become famous?,"Beyoncé Giselle Knowles-Carter (/biːˈjɒnseɪ/ bee-YON-say) (born September 4, 1981) is an American singer, songwriter, record producer and actress. Born and raised in Houston, Texas, she performed in various singing and dancing competitions as a child, and rose to fame in the late 1990s as lead singer of R&B girl-group Destiny's Child. Managed by her father, Mathew Knowles, the group became one of the world's best-selling girl groups of all time. Their hiatus saw the release of Beyoncé's debut album, Dangerously in Love (2003), which established her as a solo artist worldwide, earned five Grammy Awards and featured the Billboard Hot 100 number-one singles ""Crazy in Love"" and ""Baby Boy""."
56bf6b0f3aeaaa14008c9602::SEM::1,56bf6b0f3aeaaa14008c9602,SEMANTIC,1,What is the name of Beyoncé's debut solo album?,Dangerously in Love,,In which decade did Beyonce become famous?,"Beyoncé Giselle Knowles-Carter (/biːˈjɒnseɪ/ bee-YON-say) (born September 4, 1981) is an American singer, songwriter, record producer and actress. Born and raised in Houston, Texas, she performed in various singing and dancing competitions as a child, and rose to fame in the late 1990s as lead singer of R&B girl-group Destiny's Child. Managed by her father, Mathew Knowles, the group became one of the world's best-selling girl groups of all time. Their hiatus saw the release of Beyoncé's debut album, Dangerously in Love (2003), which established her as a solo artist worldwide, earned five Grammy Awards and featured the Billboard Hot 100 number-one singles ""Crazy in Love"" and ""Baby Boy""."
56bf6b0f3aeaaa14008c9602::SEM::2,56bf6b0f3aeaaa14008c9602,SEMANTIC,2,Where was Beyoncé born and raised?,"Houston, Texas",,In which decade did Beyonce become famous?,"Beyoncé Giselle Knowles-Carter (/biːˈjɒnseɪ/ bee-YON-say) (born September 4, 1981) is an American singer, songwriter, record producer and actress. Born and raised in Houston, Texas, she performed in various singing and dancing competitions as a child, and rose to fame in the late 1990s as lead singer of R&B girl-group Destiny's Child. Managed by her father, Mathew Knowles, the group became one of the world's best-selling girl groups of all time. Their hiatus saw the release of Beyoncé's debut album, Dangerously in Love (2003), which established her as a solo artist worldwide, earned five Grammy Awards and featured the Billboard Hot 100 number-one singles ""Crazy in Love"" and ""Baby Boy""."
56bf6b0f3aeaaa14008c9602::SYN::0,56bf6b0f3aeaaa14008c9602,SYNTACTIC,0,Beyonce rose to fame in which decade?,,active,In which decade did Beyonce become famous?,"Beyoncé Giselle Knowles-Carter (/biːˈjɒnseɪ/ bee-YON-say) (born September 4, 1981) is an American singer, songwriter, record producer and actress. Born and raised in Houston, Texas, she performed in various singing and dancing competitions as a child, and rose to fame in the late 1990s as lead singer of R&B girl-group Destiny's Child. Managed by her father, Mathew Knowles, the group became one of the world's best-selling girl groups of all time. Their hiatus saw the release of Beyoncé's debut album, Dangerously in Love (2003), which established her as a solo artist worldwide, earned five Grammy Awards and featured the Billboard Hot 100 number-one singles ""Crazy in Love"" and ""Baby Boy""."
56bf6b0f3aeaaa14008c9602::SYN::1,56bf6b0f3aeaaa14008c9602,SYNTACTIC,1,When did Beyonce achieve fame?,,active,In which decade did Beyonce become famous?,"Beyoncé Giselle Knowles-Carter (/biːˈjɒnseɪ/ bee-YON-say) (born September 4, 1981) is an American singer, songwriter, record producer and actress. Born and raised in Houston, Texas, she performed in various singing and dancing competitions as a child, and rose to fame in the late 1990s as lead singer of R&B girl-group Destiny's Child. Managed by her father, Mathew Knowles, the group became one of the world's best-selling girl groups of all time. Their hiatus saw the release of Beyoncé's debut album, Dangerously in Love (2003), which established her as a solo artist worldwide, earned five Grammy Awards and featured the Billboard Hot 100 number-one singles ""Crazy in Love"" and ""Baby Boy""."
56bf6b0f3aeaaa14008c9602::SYN::2,56bf6b0f3aeaaa14008c9602,SYNTACTIC,2,In which decade did fame come to Beyonce?,,passive,In which decade did Beyonce become famous?,"Beyoncé Giselle Knowles-Carter (/biːˈjɒnseɪ/ bee-YON-say) (born September 4, 1981) is an American singer, songwriter, record producer and actress. Born and raised in Houston, Texas, she performed in various singing and dancing competitions as a child, and rose to fame in the late 1990s as lead singer of R&B girl-group Destiny's Child. Managed by her father, Mathew Knowles, the group became one of the world's best-selling girl groups of all time. Their hiatus saw the release of Beyoncé's debut album, Dangerously in Love (2003), which established her as a solo artist worldwide, earned five Grammy Awards and featured the Billboard Hot 100 number-one singles ""Crazy in Love"" and ""Baby Boy""."
56bf6b0f3aeaaa14008c9602::LEX::0,56bf6b0f3aeaaa14008c9602,LEXICAL,0,During which ten-year period did Beyoncé gain widespread recognition?,,,In which decade did Beyonce become famous?,"Beyoncé Giselle Knowles-Carter (/biːˈjɒnseɪ/ bee-YON-say) (born September 4, 1981) is an American singer, songwriter, record producer and actress. Born and raised in Houston, Texas, she performed in various singing and dancing competitions as a child, and rose to fame in the late 1990s as lead singer of R&B girl-group Destiny's Child. Managed by her father, Mathew Knowles, the group became one of the world's best-selling girl groups of all time. Their hiatus saw the release of Beyoncé's debut album, Dangerously in Love (2003), which established her as a solo artist worldwide, earned five Grammy Awards and featured the Billboard Hot 100 number-one singles ""Crazy in Love"" and ""Baby Boy""."
56bf6b0f3aeaaa14008c9602::LEX::1,56bf6b0f3aeaaa14008c9602,LEXICAL,1,In what decade did Beyoncé rise to prominence?,,,In which decade did Beyonce become famous?,"Beyoncé Giselle Knowles-Carter (/biːˈjɒnseɪ/ bee-YON-say) (born September 4, 1981) is an American singer, songwriter, record producer and actress. Born and raised in Houston, Texas, she performed in various singing and dancing competitions as a child, and rose to fame in the late 1990s as lead singer of R&B girl-group Destiny's Child. Managed by her father, Mathew Knowles, the group became one of the world's best-selling girl groups of all time. Their hiatus saw the release of Beyoncé's debut album, Dangerously in Love (2003), which established her as a solo artist worldwide, earned five Grammy Awards and featured the Billboard Hot 100 number-one singles ""Crazy in Love"" and ""Baby Boy""."
56bf6b0f3aeaaa14008c9602::LEX::2,56bf6b0f3aeaaa14008c9602,LEXICAL,2,Which decade marked the beginning of Beyoncé's fame?,,,In which decade did Beyonce become famous?,"Beyoncé Giselle Knowles-Carter (/biːˈjɒnseɪ/ bee-YON-say) (born September 4, 1981) is an American singer, songwriter, record producer and actress. Born and raised in Houston, Texas, she performed in various singing and dancing competitions as a child, and rose to fame in the late 1990s as lead singer of R&B girl-group Destiny's Child. Managed by her father, Mathew Knowles, the group became one of the world's best-selling girl groups of all time. Their hiatus saw the release of Beyoncé's debut album, Dangerously in Love (2003), which established her as a solo artist worldwide, earned five Grammy Awards and featured the Billboard Hot 100 number-one singles ""Crazy in Love"" and ""Baby Boy""."
56bf6b0f3aeaaa14008c9603::SEM::0,56bf6b0f3aeaaa14008c9603,SEMANTIC,0,What was the name of Beyoncé's debut album?,Dangerously in Love,,In what R&B group was she the lead singer?,"Beyoncé Giselle Knowles-Carter (/biːˈjɒnseɪ/ bee-YON-say) (born September 4, 1981) is an American singer, songwriter, record producer and actress. Born and raised in Houston, Texas, she performed in various singing and dancing competitions as a child, and rose to fame in the late 1990s as lead singer of R&B girl-group Destiny's Child. Managed by her father, Mathew Knowles, the group became one of the world's best-selling girl groups of all time. Their hiatus saw the release of Beyoncé's debut album, Dangerously in Love (2003), which established her as a solo artist worldwide, earned five Grammy Awards and featured the Billboard Hot 100 number-one singles ""Crazy in Love"" and ""Baby Boy""."
56bf6b0f3aeaaa14008c9603::SEM::1,56bf6b0f3aeaaa14008c9603,SEMANTIC,1,Where was Beyoncé born and raised?,"Houston, Texas",,In what R&B group was she the lead singer?,"Beyoncé Giselle Knowles-Carter (/biːˈjɒnseɪ/ bee-YON-say) (born September 4, 1981) is an American singer, songwriter, record producer and actress. Born and raised in Houston, Texas, she performed in various singing and dancing competitions as a child, and rose to fame in the late 1990s as lead singer of R&B girl-group Destiny's Child. Managed by her father, Mathew Knowles, the group became one of the world's best-selling girl groups of all time. Their hiatus saw the release of Beyoncé's debut album, Dangerously in Love (2003), which established her as a solo artist worldwide, earned five Grammy Awards and featured the Billboard Hot 100 number-one singles ""Crazy in Love"" and ""Baby Boy""."
56bf6b0f3aeaaa14008c9603::SEM::2,56bf6b0f3aeaaa14008c9603,SEMANTIC,2,Who managed Destiny's Child?,Mathew Knowles,,In what R&B group was she the lead singer?,"Beyoncé Giselle Knowles-Carter (/biːˈjɒnseɪ/ bee-YON-say) (born September 4, 1981) is an American singer, songwriter, record producer and actress. Born and raised in Houston, Texas, she performed in various singing and dancing competitions as a child, and rose to fame in the late 1990s as lead singer of R&B girl-group Destiny's Child. Managed by her father, Mathew Knowles, the group became one of the world's best-selling girl groups of all time. Their hiatus saw the release of Beyoncé's debut album, Dangerously in Love (2003), which established her as a solo artist worldwide, earned five Grammy Awards and featured the Billboard Hot 100 number-one singles ""Crazy in Love"" and ""Baby Boy""."
56bf6b0f3aeaaa14008c9603::SYN::0,56bf6b0f3aeaaa14008c9603,SYNTACTIC,0,Which R&B group did she lead as a singer?,,Complex,In what R&B group was she the lead singer?,"Beyoncé Giselle Knowles-Carter (/biːˈjɒnseɪ/ bee-YON-say) (born September 4, 1981) is an American singer, songwriter, record producer and actress. Born and raised in Houston, Texas, she performed in various singing and dancing competitions as a child, and rose to fame in the late 1990s as lead singer of R&B girl-group Destiny's Child. Managed by her father, Mathew Knowles, the group became one of the world's best-selling girl groups of all time. Their hiatus saw the release of Beyoncé's debut album, Dangerously in Love (2003), which established her as a solo artist worldwide, earned five Grammy Awards and featured the Billboard Hot 100 number-one singles ""Crazy in Love"" and ""Baby Boy""."
56bf6b0f3aeaaa14008c9603::SYN::1,56bf6b0f3aeaaa14008c9603,SYNTACTIC,1,"As the lead singer, what R&B group was she a part of?",,Passive,In what R&B group was she the lead singer?,"Beyoncé Giselle Knowles-Carter (/biːˈjɒnseɪ/ bee-YON-say) (born September 4, 1981) is an American singer, songwriter, record producer and actress. Born and raised in Houston, Texas, she performed in various singing and dancing competitions as a child, and rose to fame in the late 1990s as lead singer of R&B girl-group Destiny's Child. Managed by her father, Mathew Knowles, the group became one of the world's best-selling girl groups of all time. Their hiatus saw the release of Beyoncé's debut album, Dangerously in Love (2003), which established her as a solo artist worldwide, earned five Grammy Awards and featured the Billboard Hot 100 number-one singles ""Crazy in Love"" and ""Baby Boy""."
56bf6b0f3aeaaa14008c9603::SYN::2,56bf6b0f3aeaaa14008c9603,SYNTACTIC,2,What R&B group had her as its lead singer?,,Simple,In what R&B group was she the lead singer?,"Beyoncé Giselle Knowles-Carter (/biːˈjɒnseɪ/ bee-YON-say) (born September 4, 1981) is an American singer, songwriter, record producer and actress. Born and raised in Houston, Texas, she performed in various singing and dancing competitions as a child, and rose to fame in the late 1990s as lead singer of R&B girl-group Destiny's Child. Managed by her father, Mathew Knowles, the group became one of the world's best-selling girl groups of all time. Their hiatus saw the release of Beyoncé's debut album, Dangerously in Love (2003), which established her as a solo artist worldwide, earned five Grammy Awards and featured the Billboard Hot 100 number-one singles ""Crazy in Love"" and ""Baby Boy""."
56bf6b0f3aeaaa14008c9603::LEX::0,56bf6b0f3aeaaa14008c9603,LEXICAL,0,Which R&B girl-group did Beyoncé front?,,,In what R&B group was she the lead singer?,"Beyoncé Giselle Knowles-Carter (/biːˈjɒnseɪ/ bee-YON-say) (born September 4, 1981) is an American singer, songwriter, record producer and actress. Born and raised in Houston, Texas, she performed in various singing and dancing competitions as a child, and rose to fame in the late 1990s as lead singer of R&B girl-group Destiny's Child. Managed by her father, Mathew Knowles, the group became one of the world's best-selling girl groups of all time. Their hiatus saw the release of Beyoncé's debut album, Dangerously in Love (2003), which established her as a solo artist worldwide, earned five Grammy Awards and featured the Billboard Hot 100 number-one singles ""Crazy in Love"" and ""Baby Boy""."
56bf6b0f3aeaaa14008c9603::LEX::1,56bf6b0f3aeaaa14008c9603,LEXICAL,1,What R&B group did she lead as the main vocalist?,,,In what R&B group was she the lead singer?,"Beyoncé Giselle Knowles-Carter (/biːˈjɒnseɪ/ bee-YON-say) (born September 4, 1981) is an American singer, songwriter, record producer and actress. Born and raised in Houston, Texas, she performed in various singing and dancing competitions as a child, and rose to fame in the late 1990s as lead singer of R&B girl-group Destiny's Child. Managed by her father, Mathew Knowles, the group became one of the world's best-selling girl groups of all time. Their hiatus saw the release of Beyoncé's debut album, Dangerously in Love (2003), which established her as a solo artist worldwide, earned five Grammy Awards and featured the Billboard Hot 100 number-one singles ""Crazy in Love"" and ""Baby Boy""."
56bf6b0f3aeaaa14008c9603::LEX::2,56bf6b0f3aeaaa14008c9603,LEXICAL,2,Which popular R&B girl-group featured Beyoncé as its lead singer?,,,In what R&B group was she the lead singer?,"Beyoncé Giselle Knowles-Carter (/biːˈjɒnseɪ/ bee-YON-say) (born September 4, 1981) is an American singer, songwriter, record producer and actress. Born and raised in Houston, Texas, she performed in various singing and dancing competitions as a child, and rose to fame in the late 1990s as lead singer of R&B girl-group Destiny's Child. Managed by her father, Mathew Knowles, the group became one of the world's best-selling girl groups of all time. Their hiatus saw the release of Beyoncé's debut album, Dangerously in Love (2003), which established her as a solo artist worldwide, earned five Grammy Awards and featured the Billboard Hot 100 number-one singles ""Crazy in Love"" and ""Baby Boy""."
56bf6b0f3aeaaa14008c9604::SEM::0,56bf6b0f3aeaaa14008c9604,SEMANTIC,0,What was the name of the R&B girl group Beyoncé rose to fame with?,Destiny's Child,,What album made her a worldwide known artist?,"Beyoncé Giselle Knowles-Carter (/biːˈjɒnseɪ/ bee-YON-say) (born September 4, 1981) is an American singer, songwriter, record producer and actress. Born and raised in Houston, Texas, she performed in various singing and dancing competitions as a child, and rose to fame in the late 1990s as lead singer of R&B girl-group Destiny's Child. Managed by her father, Mathew Knowles, the group became one of the world's best-selling girl groups of all time. Their hiatus saw the release of Beyoncé's debut album, Dangerously in Love (2003), which established her as a solo artist worldwide, earned five Grammy Awards and featured the Billboard Hot 100 number-one singles ""Crazy in Love"" and ""Baby Boy""."
56bf6b0f3aeaaa14008c9604::SEM::1,56bf6b0f3aeaaa14008c9604,SEMANTIC,1,Where was Beyoncé born and raised?,"Houston, Texas",,What album made her a worldwide known artist?,"Beyoncé Giselle Knowles-Carter (/biːˈjɒnseɪ/ bee-YON-say) (born September 4, 1981) is an American singer, songwriter, record producer and actress. Born and raised in Houston, Texas, she performed in various singing and dancing competitions as a child, and rose to fame in the late 1990s as lead singer of R&B girl-group Destiny's Child. Managed by her father, Mathew Knowles, the group became one of the world's best-selling girl groups of all time. Their hiatus saw the release of Beyoncé's debut album, Dangerously in Love (2003), which established her as a solo artist worldwide, earned five Grammy Awards and featured the Billboard Hot 100 number-one singles ""Crazy in Love"" and ""Baby Boy""."
56bf6b0f3aeaaa14008c9604::SEM::2,56bf6b0f3aeaaa14008c9604,SEMANTIC,2,How many Grammy Awards did her debut album earn?,five,,What album made her a worldwide known artist?,"Beyoncé Giselle Knowles-Carter (/biːˈjɒnseɪ/ bee-YON-say) (born September 4, 1981) is an American singer, songwriter, record producer and actress. Born and raised in Houston, Texas, she performed in various singing and dancing competitions as a child, and rose to fame in the late 1990s as lead singer of R&B girl-group Destiny's Child. Managed by her father, Mathew Knowles, the group became one of the world's best-selling girl groups of all time. Their hiatus saw the release of Beyoncé's debut album, Dangerously in Love (2003), which established her as a solo artist worldwide, earned five Grammy Awards and featured the Billboard Hot 100 number-one singles ""Crazy in Love"" and ""Baby Boy""."
56bf6b0f3aeaaa14008c9604::SYN::0,56bf6b0f3aeaaa14008c9604,SYNTACTIC,0,Which album established her as a solo artist worldwide?,,complex,What album made her a worldwide known artist?,"Beyoncé Giselle Knowles-Carter (/biːˈjɒnseɪ/ bee-YON-say) (born September 4, 1981) is an American singer, songwriter, record producer and actress. Born and raised in Houston, Texas, she performed in various singing and dancing competitions as a child, and rose to fame in the late 1990s as lead singer of R&B girl-group Destiny's Child. Managed by her father, Mathew Knowles, the group became one of the world's best-selling girl groups of all time. Their hiatus saw the release of Beyoncé's debut album, Dangerously in Love (2003), which established her as a solo artist worldwide, earned five Grammy Awards and featured the Billboard Hot 100 number-one singles ""Crazy in Love"" and ""Baby Boy""."
56bf6b0f3aeaaa14008c9604::SYN::1,56bf6b0f3aeaaa14008c9604,SYNTACTIC,1,"As a solo artist, what album made her known worldwide?",,simple,What album made her a worldwide known artist?,"Beyoncé Giselle Knowles-Carter (/biːˈjɒnseɪ/ bee-YON-say) (born September 4, 1981) is an American singer, songwriter, record producer and actress. Born and raised in Houston, Texas, she performed in various singing and dancing competitions as a child, and rose to fame in the late 1990s as lead singer of R&B girl-group Destiny's Child. Managed by her father, Mathew Knowles, the group became one of the world's best-selling girl groups of all time. Their hiatus saw the release of Beyoncé's debut album, Dangerously in Love (2003), which established her as a solo artist worldwide, earned five Grammy Awards and featured the Billboard Hot 100 number-one singles ""Crazy in Love"" and ""Baby Boy""."
56bf6b0f3aeaaa14008c9604::SYN::2,56bf6b0f3aeaaa14008c9604,SYNTACTIC,2,What was the album that made her known worldwide as a solo artist?,,passive,What album made her a worldwide known artist?,"Beyoncé Giselle Knowles-Carter (/biːˈjɒnseɪ/ bee-YON-say) (born September 4, 1981) is an American singer, songwriter, record producer and actress. Born and raised in Houston, Texas, she performed in various singing and dancing competitions as a child, and rose to fame in the late 1990s as lead singer of R&B girl-group Destiny's Child. Managed by her father, Mathew Knowles, the group became one of the world's best-selling girl groups of all time. Their hiatus saw the release of Beyoncé's debut album, Dangerously in Love (2003), which established her as a solo artist worldwide, earned five Grammy Awards and featured the Billboard Hot 100 number-one singles ""Crazy in Love"" and ""Baby Boy""."
56bf6b0f3aeaaa14008c9604::LEX::0,56bf6b0f3aeaaa14008c9604,LEXICAL,0,Which album solidified her status as a global solo artist?,,,What album made her a worldwide known artist?,"Beyoncé Giselle Knowles-Carter (/biːˈjɒnseɪ/ bee-YON-say) (born September 4, 1981) is an American singer, songwriter, record producer and actress. Born and raised in Houston, Texas, she performed in various singing and dancing competitions as a child, and rose to fame in the late 1990s as lead singer of R&B girl-group Destiny's Child. Managed by her father, Mathew Knowles, the group became one of the world's best-selling girl groups of all time. Their hiatus saw the release of Beyoncé's debut album, Dangerously in Love (2003), which established her as a solo artist worldwide, earned five Grammy Awards and featured the Billboard Hot 100 number-one singles ""Crazy in Love"" and ""Baby Boy""."
56bf6b0f3aeaaa14008c9604::LEX::1,56bf6b0f3aeaaa14008c9604,LEXICAL,1,What album catapulted her to international stardom as a solo performer?,,,What album made her a worldwide known artist?,"Beyoncé Giselle Knowles-Carter (/biːˈjɒnseɪ/ bee-YON-say) (born September 4, 1981) is an American singer, songwriter, record producer and actress. Born and raised in Houston, Texas, she performed in various singing and dancing competitions as a child, and rose to fame in the late 1990s as lead singer of R&B girl-group Destiny's Child. Managed by her father, Mathew Knowles, the group became one of the world's best-selling girl groups of all time. Their hiatus saw the release of Beyoncé's debut album, Dangerously in Love (2003), which established her as a solo artist worldwide, earned five Grammy Awards and featured the Billboard Hot 100 number-one singles ""Crazy in Love"" and ""Baby Boy""."
56bf6b0f3aeaaa14008c9604::LEX::2,56bf6b0f3aeaaa14008c9604,LEXICAL,2,Which album marked her breakthrough as a worldwide recognized solo artist?,,,What album made her a worldwide known artist?,"Beyoncé Giselle Knowles-Carter (/biːˈjɒnseɪ/ bee-YON-say) (born September 4, 1981) is an American singer, songwriter, record producer and actress. Born and raised in Houston, Texas, she performed in various singing and dancing competitions as a child, and rose to fame in the late 1990s as lead singer of R&B girl-group Destiny's Child. Managed by her father, Mathew Knowles, the group became one of the world's best-selling girl groups of all time. Their hiatus saw the release of Beyoncé's debut album, Dangerously in Love (2003), which established her as a solo artist worldwide, earned five Grammy Awards and featured the Billboard Hot 100 number-one singles ""Crazy in Love"" and ""Baby Boy""."
56bf6b0f3aeaaa14008c9605::SEM::0,56bf6b0f3aeaaa14008c9605,SEMANTIC,0,What was the name of Beyoncé's debut album?,Dangerously in Love,,Who managed the Destiny's Child group?,"Beyoncé Giselle Knowles-Carter (/biːˈjɒnseɪ/ bee-YON-say) (born September 4, 1981) is an American singer, songwriter, record producer and actress. Born and raised in Houston, Texas, she performed in various singing and dancing competitions as a child, and rose to fame in the late 1990s as lead singer of R&B girl-group Destiny's Child. Managed by her father, Mathew Knowles, the group became one of the world's best-selling girl groups of all time. Their hiatus saw the release of Beyoncé's debut album, Dangerously in Love (2003), which established her as a solo artist worldwide, earned five Grammy Awards and featured the Billboard Hot 100 number-one singles ""Crazy in Love"" and ""Baby Boy""."
56bf6b0f3aeaaa14008c9605::SEM::1,56bf6b0f3aeaaa14008c9605,SEMANTIC,1,Where was Beyoncé born and raised?,"Houston, Texas",,Who managed the Destiny's Child group?,"Beyoncé Giselle Knowles-Carter (/biːˈjɒnseɪ/ bee-YON-say) (born September 4, 1981) is an American singer, songwriter, record producer and actress. Born and raised in Houston, Texas, she performed in various singing and dancing competitions as a child, and rose to fame in the late 1990s as lead singer of R&B girl-group Destiny's Child. Managed by her father, Mathew Knowles, the group became one of the world's best-selling girl groups of all time. Their hiatus saw the release of Beyoncé's debut album, Dangerously in Love (2003), which established her as a solo artist worldwide, earned five Grammy Awards and featured the Billboard Hot 100 number-one singles ""Crazy in Love"" and ""Baby Boy""."
56bf6b0f3aeaaa14008c9605::SEM::2,56bf6b0f3aeaaa14008c9605,SEMANTIC,2,What were the names of the two number-one singles from Beyoncé's debut album?,Crazy in Love and Baby Boy,,Who managed the Destiny's Child group?,"Beyoncé Giselle Knowles-Carter (/biːˈjɒnseɪ/ bee-YON-say) (born September 4, 1981) is an American singer, songwriter, record producer and actress. Born and raised in Houston, Texas, she performed in various singing and dancing competitions as a child, and rose to fame in the late 1990s as lead singer of R&B girl-group Destiny's Child. Managed by her father, Mathew Knowles, the group became one of the world's best-selling girl groups of all time. Their hiatus saw the release of Beyoncé's debut album, Dangerously in Love (2003), which established her as a solo artist worldwide, earned five Grammy Awards and featured the Billboard Hot 100 number-one singles ""Crazy in Love"" and ""Baby Boy""."
56bf6b0f3aeaaa14008c9605::SYN::0,56bf6b0f3aeaaa14008c9605,SYNTACTIC,0,Who was the manager of Destiny's Child?,,passive,Who managed the Destiny's Child group?,"Beyoncé Giselle Knowles-Carter (/biːˈjɒnseɪ/ bee-YON-say) (born September 4, 1981) is an American singer, songwriter, record producer and actress. Born and raised in Houston, Texas, she performed in various singing and dancing competitions as a child, and rose to fame in the late 1990s as lead singer of R&B girl-group Destiny's Child. Managed by her father, Mathew Knowles, the group became one of the world's best-selling girl groups of all time. Their hiatus saw the release of Beyoncé's debut album, Dangerously in Love (2003), which established her as a solo artist worldwide, earned five Grammy Awards and featured the Billboard Hot 100 number-one singles ""Crazy in Love"" and ""Baby Boy""."
56bf6b0f3aeaaa14008c9605::SYN::1,56bf6b0f3aeaaa14008c9605,SYNTACTIC,1,Destiny's Child was managed by whom?,,passive,Who managed the Destiny's Child group?,"Beyoncé Giselle Knowles-Carter (/biːˈjɒnseɪ/ bee-YON-say) (born September 4, 1981) is an American singer, songwriter, record producer and actress. Born and raised in Houston, Texas, she performed in various singing and dancing competitions as a child, and rose to fame in the late 1990s as lead singer of R&B girl-group Destiny's Child. Managed by her father, Mathew Knowles, the group became one of the world's best-selling girl groups of all time. Their hiatus saw the release of Beyoncé's debut album, Dangerously in Love (2003), which established her as a solo artist worldwide, earned five Grammy Awards and featured the Billboard Hot 100 number-one singles ""Crazy in Love"" and ""Baby Boy""."
56bf6b0f3aeaaa14008c9605::SYN::2,56bf6b0f3aeaaa14008c9605,SYNTACTIC,2,The manager of Destiny's Child was who?,,interrogative,Who managed the Destiny's Child group?,"Beyoncé Giselle Knowles-Carter (/biːˈjɒnseɪ/ bee-YON-say) (born September 4, 1981) is an American singer, songwriter, record producer and actress. Born and raised in Houston, Texas, she performed in various singing and dancing competitions as a child, and rose to fame in the late 1990s as lead singer of R&B girl-group Destiny's Child. Managed by her father, Mathew Knowles, the group became one of the world's best-selling girl groups of all time. Their hiatus saw the release of Beyoncé's debut album, Dangerously in Love (2003), which established her as a solo artist worldwide, earned five Grammy Awards and featured the Billboard Hot 100 number-one singles ""Crazy in Love"" and ""Baby Boy""."
56bf6b0f3aeaaa14008c9605::LEX::0,56bf6b0f3aeaaa14008c9605,LEXICAL,0,Who was the manager of Destiny's Child?,,,Who managed the Destiny's Child group?,"Beyoncé Giselle Knowles-Carter (/biːˈjɒnseɪ/ bee-YON-say) (born September 4, 1981) is an American singer, songwriter, record producer and actress. Born and raised in Houston, Texas, she performed in various singing and dancing competitions as a child, and rose to fame in the late 1990s as lead singer of R&B girl-group Destiny's Child. Managed by her father, Mathew Knowles, the group became one of the world's best-selling girl groups of all time. Their hiatus saw the release of Beyoncé's debut album, Dangerously in Love (2003), which established her as a solo artist worldwide, earned five Grammy Awards and featured the Billboard Hot 100 number-one singles ""Crazy in Love"" and ""Baby Boy""."
56bf6b0f3aeaaa14008c9605::LEX::1,56bf6b0f3aeaaa14008c9605,LEXICAL,1,Who was in charge of Destiny's Child?,,,Who managed the Destiny's Child group?,"Beyoncé Giselle Knowles-Carter (/biːˈjɒnseɪ/ bee-YON-say) (born September 4, 1981) is an American singer, songwriter, record producer and actress. Born and raised in Houston, Texas, she performed in various singing and dancing competitions as a child, and rose to fame in the late 1990s as lead singer of R&B girl-group Destiny's Child. Managed by her father, Mathew Knowles, the group became one of the world's best-selling girl groups of all time. Their hiatus saw the release of Beyoncé's debut album, Dangerously in Love (2003), which established her as a solo artist worldwide, earned five Grammy Awards and featured the Billboard Hot 100 number-one singles ""Crazy in Love"" and ""Baby Boy""."
56bf6b0f3aeaaa14008c9605::LEX::2,56bf6b0f3aeaaa14008c9605,LEXICAL,2,Who handled the management of the girl group Destiny's Child?,,,Who managed the Destiny's Child group?,"Beyoncé Giselle Knowles-Carter (/biːˈjɒnseɪ/ bee-YON-say) (born September 4, 1981) is an American singer, songwriter, record producer and actress. Born and raised in Houston, Texas, she performed in various singing and dancing competitions as a child, and rose to fame in the late 1990s as lead singer of R&B girl-group Destiny's Child. Managed by her father, Mathew Knowles, the group became one of the world's best-selling girl groups of all time. Their hiatus saw the release of Beyoncé's debut album, Dangerously in Love (2003), which established her as a solo artist worldwide, earned five Grammy Awards and featured the Billboard Hot 100 number-one singles ""Crazy in Love"" and ""Baby Boy""."
56d43c5f2ccc5a1400d830a9::SEM::0,56d43c5f2ccc5a1400d830a9,SEMANTIC,0,What was the name of the group that launched Beyoncé's career?,Destiny's Child,,When did Beyoncé rise to fame?,"Beyoncé Giselle Knowles-Carter (/biːˈjɒnseɪ/ bee-YON-say) (born September 4, 1981) is an American singer, songwriter, record producer and actress. Born and raised in Houston, Texas, she performed in various singing and dancing competitions as a child, and rose to fame in the late 1990s as lead singer of R&B girl-group Destiny's Child. Managed by her father, Mathew Knowles, the group became one of the world's best-selling girl groups of all time. Their hiatus saw the release of Beyoncé's debut album, Dangerously in Love (2003), which established her as a solo artist worldwide, earned five Grammy Awards and featured the Billboard Hot 100 number-one singles ""Crazy in Love"" and ""Baby Boy""."
56d43c5f2ccc5a1400d830a9::SEM::1,56d43c5f2ccc5a1400d830a9,SEMANTIC,1,What is the name of Beyoncé's debut solo album?,Dangerously in Love,,When did Beyoncé rise to fame?,"Beyoncé Giselle Knowles-Carter (/biːˈjɒnseɪ/ bee-YON-say) (born September 4, 1981) is an American singer, songwriter, record producer and actress. Born and raised in Houston, Texas, she performed in various singing and dancing competitions as a child, and rose to fame in the late 1990s as lead singer of R&B girl-group Destiny's Child. Managed by her father, Mathew Knowles, the group became one of the world's best-selling girl groups of all time. Their hiatus saw the release of Beyoncé's debut album, Dangerously in Love (2003), which established her as a solo artist worldwide, earned five Grammy Awards and featured the Billboard Hot 100 number-one singles ""Crazy in Love"" and ""Baby Boy""."
56d43c5f2ccc5a1400d830a9::SEM::2,56d43c5f2ccc5a1400d830a9,SEMANTIC,2,Where was Beyoncé born and raised?,"Houston, Texas",,When did Beyoncé rise to fame?,"Beyoncé Giselle Knowles-Carter (/biːˈjɒnseɪ/ bee-YON-say) (born September 4, 1981) is an American singer, songwriter, record producer and actress. Born and raised in Houston, Texas, she performed in various singing and dancing competitions as a child, and rose to fame in the late 1990s as lead singer of R&B girl-group Destiny's Child. Managed by her father, Mathew Knowles, the group became one of the world's best-selling girl groups of all time. Their hiatus saw the release of Beyoncé's debut album, Dangerously in Love (2003), which established her as a solo artist worldwide, earned five Grammy Awards and featured the Billboard Hot 100 number-one singles ""Crazy in Love"" and ""Baby Boy""."
56d43c5f2ccc5a1400d830a9::SYN::0,56d43c5f2ccc5a1400d830a9,SYNTACTIC,0,Beyoncé rose to fame in what year?,,active,When did Beyoncé rise to fame?,"Beyoncé Giselle Knowles-Carter (/biːˈjɒnseɪ/ bee-YON-say) (born September 4, 1981) is an American singer, songwriter, record producer and actress. Born and raised in Houston, Texas, she performed in various singing and dancing competitions as a child, and rose to fame in the late 1990s as lead singer of R&B girl-group Destiny's Child. Managed by her father, Mathew Knowles, the group became one of the world's best-selling girl groups of all time. Their hiatus saw the release of Beyoncé's debut album, Dangerously in Love (2003), which established her as a solo artist worldwide, earned five Grammy Awards and featured the Billboard Hot 100 number-one singles ""Crazy in Love"" and ""Baby Boy""."
56d43c5f2ccc5a1400d830a9::SYN::1,56d43c5f2ccc5a1400d830a9,SYNTACTIC,1,When did Beyoncé achieve fame?,,active,When did Beyoncé rise to fame?,"Beyoncé Giselle Knowles-Carter (/biːˈjɒnseɪ/ bee-YON-say) (born September 4, 1981) is an American singer, songwriter, record producer and actress. Born and raised in Houston, Texas, she performed in various singing and dancing competitions as a child, and rose to fame in the late 1990s as lead singer of R&B girl-group Destiny's Child. Managed by her father, Mathew Knowles, the group became one of the world's best-selling girl groups of all time. Their hiatus saw the release of Beyoncé's debut album, Dangerously in Love (2003), which established her as a solo artist worldwide, earned five Grammy Awards and featured the Billboard Hot 100 number-one singles ""Crazy in Love"" and ""Baby Boy""."
56d43c5f2ccc5a1400d830a9::SYN::2,56d43c5f2ccc5a1400d830a9,SYNTACTIC,2,In what time period did Beyoncé become famous?,,passive,When did Beyoncé rise to fame?,"Beyoncé Giselle Knowles-Carter (/biːˈjɒnseɪ/ bee-YON-say) (born September 4, 1981) is an American singer, songwriter, record producer and actress. Born and raised in Houston, Texas, she performed in various singing and dancing competitions as a child, and rose to fame in the late 1990s as lead singer of R&B girl-group Destiny's Child. Managed by her father, Mathew Knowles, the group became one of the world's best-selling girl groups of all time. Their hiatus saw the release of Beyoncé's debut album, Dangerously in Love (2003), which established her as a solo artist worldwide, earned five Grammy Awards and featured the Billboard Hot 100 number-one singles ""Crazy in Love"" and ""Baby Boy""."
56d43c5f2ccc5a1400d830a9::LEX::0,56d43c5f2ccc5a1400d830a9,LEXICAL,0,At what point in time did Beyoncé gain widespread recognition?,,,When did Beyoncé rise to fame?,"Beyoncé Giselle Knowles-Carter (/biːˈjɒnseɪ/ bee-YON-say) (born September 4, 1981) is an American singer, songwriter, record producer and actress. Born and raised in Houston, Texas, she performed in various singing and dancing competitions as a child, and rose to fame in the late 1990s as lead singer of R&B girl-group Destiny's Child. Managed by her father, Mathew Knowles, the group became one of the world's best-selling girl groups of all time. Their hiatus saw the release of Beyoncé's debut album, Dangerously in Love (2003), which established her as a solo artist worldwide, earned five Grammy Awards and featured the Billboard Hot 100 number-one singles ""Crazy in Love"" and ""Baby Boy""."
56d43c5f2ccc5a1400d830a9::LEX::1,56d43c5f2ccc5a1400d830a9,LEXICAL,1,When did Beyoncé first achieve success?,,,When did Beyoncé rise to fame?,"Beyoncé Giselle Knowles-Carter (/biːˈjɒnseɪ/ bee-YON-say) (born September 4, 1981) is an American singer, songwriter, record producer and actress. Born and raised in Houston, Texas, she performed in various singing and dancing competitions as a child, and rose to fame in the late 1990s as lead singer of R&B girl-group Destiny's Child. Managed by her father, Mathew Knowles, the group became one of the world's best-selling girl groups of all time. Their hiatus saw the release of Beyoncé's debut album, Dangerously in Love (2003), which established her as a solo artist worldwide, earned five Grammy Awards and featured the Billboard Hot 100 number-one singles ""Crazy in Love"" and ""Baby Boy""."
56d43c5f2ccc5a1400d830a9::LEX::2,56d43c5f2ccc5a1400d830a9,LEXICAL,2,In what time period did Beyoncé become a well-known figure?,,,When did Beyoncé rise to fame?,"Beyoncé Giselle Knowles-Carter (/biːˈjɒnseɪ/ bee-YON-say) (born September 4, 1981) is an American singer, songwriter, record producer and actress. Born and raised in Houston, Texas, she performed in various singing and dancing competitions as a child, and rose to fame in the late 1990s as lead singer of R&B girl-group Destiny's Child. Managed by her father, Mathew Knowles, the group became one of the world's best-selling girl groups of all time. Their hiatus saw the release of Beyoncé's debut album, Dangerously in Love (2003), which established her as a solo artist worldwide, earned five Grammy Awards and featured the Billboard Hot 100 number-one singles ""Crazy in Love"" and ""Baby Boy""."
56d43c5f2ccc5a1400d830aa::SEM::0,56d43c5f2ccc5a1400d830aa,SEMANTIC,0,What was the name of Beyoncé's debut solo album?,Dangerously in Love,,What role did Beyoncé have in Destiny's Child?,"Beyoncé Giselle Knowles-Carter (/biːˈjɒnseɪ/ bee-YON-say) (born September 4, 1981) is an American singer, songwriter, record producer and actress. Born and raised in Houston, Texas, she performed in various singing and dancing competitions as a child, and rose to fame in the late 1990s as lead singer of R&B girl-group Destiny's Child. Managed by her father, Mathew Knowles, the group became one of the world's best-selling girl groups of all time. Their hiatus saw the release of Beyoncé's debut album, Dangerously in Love (2003), which established her as a solo artist worldwide, earned five Grammy Awards and featured the Billboard Hot 100 number-one singles ""Crazy in Love"" and ""Baby Boy""."
56d43c5f2ccc5a1400d830aa::SEM::1,56d43c5f2ccc5a1400d830aa,SEMANTIC,1,Who managed Destiny's Child?,Mathew Knowles,,What role did Beyoncé have in Destiny's Child?,"Beyoncé Giselle Knowles-Carter (/biːˈjɒnseɪ/ bee-YON-say) (born September 4, 1981) is an American singer, songwriter, record producer and actress. Born and raised in Houston, Texas, she performed in various singing and dancing competitions as a child, and rose to fame in the late 1990s as lead singer of R&B girl-group Destiny's Child. Managed by her father, Mathew Knowles, the group became one of the world's best-selling girl groups of all time. Their hiatus saw the release of Beyoncé's debut album, Dangerously in Love (2003), which established her as a solo artist worldwide, earned five Grammy Awards and featured the Billboard Hot 100 number-one singles ""Crazy in Love"" and ""Baby Boy""."
56d43c5f2ccc5a1400d830aa::SEM::2,56d43c5f2ccc5a1400d830aa,SEMANTIC,2,What was the name of the competitions Beyoncé performed in as a child?,singing and dancing competitions,,What role did Beyoncé have in Destiny's Child?,"Beyoncé Giselle Knowles-Carter (/biːˈjɒnseɪ/ bee-YON-say) (born September 4, 1981) is an American singer, songwriter, record producer and actress. Born and raised in Houston, Texas, she performed in various singing and dancing competitions as a child, and rose to fame in the late 1990s as lead singer of R&B girl-group Destiny's Child. Managed by her father, Mathew Knowles, the group became one of the world's best-selling girl groups of all time. Their hiatus saw the release of Beyoncé's debut album, Dangerously in Love (2003), which established her as a solo artist worldwide, earned five Grammy Awards and featured the Billboard Hot 100 number-one singles ""Crazy in Love"" and ""Baby Boy""."
56d43c5f2ccc5a1400d830aa::SYN::0,56d43c5f2ccc5a1400d830aa,SYNTACTIC,0,Beyoncé was the lead singer of what R&B girl group?,,passive,What role did Beyoncé have in Destiny's Child?,"Beyoncé Giselle Knowles-Carter (/biːˈjɒnseɪ/ bee-YON-say) (born September 4, 1981) is an American singer, songwriter, record producer and actress. Born and raised in Houston, Texas, she performed in various singing and dancing competitions as a child, and rose to fame in the late 1990s as lead singer of R&B girl-group Destiny's Child. Managed by her father, Mathew Knowles, the group became one of the world's best-selling girl groups of all time. Their hiatus saw the release of Beyoncé's debut album, Dangerously in Love (2003), which established her as a solo artist worldwide, earned five Grammy Awards and featured the Billboard Hot 100 number-one singles ""Crazy in Love"" and ""Baby Boy""."
56d43c5f2ccc5a1400d830aa::SYN::1,56d43c5f2ccc5a1400d830aa,SYNTACTIC,1,"In Destiny's Child, what position did Beyoncé hold?",,complex,What role did Beyoncé have in Destiny's Child?,"Beyoncé Giselle Knowles-Carter (/biːˈjɒnseɪ/ bee-YON-say) (born September 4, 1981) is an American singer, songwriter, record producer and actress. Born and raised in Houston, Texas, she performed in various singing and dancing competitions as a child, and rose to fame in the late 1990s as lead singer of R&B girl-group Destiny's Child. Managed by her father, Mathew Knowles, the group became one of the world's best-selling girl groups of all time. Their hiatus saw the release of Beyoncé's debut album, Dangerously in Love (2003), which established her as a solo artist worldwide, earned five Grammy Awards and featured the Billboard Hot 100 number-one singles ""Crazy in Love"" and ""Baby Boy""."
56d43c5f2ccc5a1400d830aa::SYN::2,56d43c5f2ccc5a1400d830aa,SYNTACTIC,2,What was Beyoncé's role in the R&B girl group Destiny's Child?,,simple,What role did Beyoncé have in Destiny's Child?,"Beyoncé Giselle Knowles-Carter (/biːˈjɒnseɪ/ bee-YON-say) (born September 4, 1981) is an American singer, songwriter, record producer and actress. Born and raised in Houston, Texas, she performed in various singing and dancing competitions as a child, and rose to fame in the late 1990s as lead singer of R&B girl-group Destiny's Child. Managed by her father, Mathew Knowles, the group became one of the world's best-selling girl groups of all time. Their hiatus saw the release of Beyoncé's debut album, Dangerously in Love (2003), which established her as a solo artist worldwide, earned five Grammy Awards and featured the Billboard Hot 100 number-one singles ""Crazy in Love"" and ""Baby Boy""."
56d43c5f2ccc5a1400d830aa::LEX::0,56d43c5f2ccc5a1400d830aa,LEXICAL,0,What position did Beyoncé hold in the R&B girl-group Destiny's Child?,,,What role did Beyoncé have in Destiny's Child?,"Beyoncé Giselle Knowles-Carter (/biːˈjɒnseɪ/ bee-YON-say) (born September 4, 1981) is an American singer, songwriter, record producer and actress. Born and raised in Houston, Texas, she performed in various singing and dancing competitions as a child, and rose to fame in the late 1990s as lead singer of R&B girl-group Destiny's Child. Managed by her father, Mathew Knowles, the group became one of the world's best-selling girl groups of all time. Their hiatus saw the release of Beyoncé's debut album, Dangerously in Love (2003), which established her as a solo artist worldwide, earned five Grammy Awards and featured the Billboard Hot 100 number-one singles ""Crazy in Love"" and ""Baby Boy""."
56d43c5f2ccc5a1400d830aa::LEX::1,56d43c5f2ccc5a1400d830aa,LEXICAL,1,What part did Beyoncé play in the musical group Destiny's Child?,,,What role did Beyoncé have in Destiny's Child?,"Beyoncé Giselle Knowles-Carter (/biːˈjɒnseɪ/ bee-YON-say) (born September 4, 1981) is an American singer, songwriter, record producer and actress. Born and raised in Houston, Texas, she performed in various singing and dancing competitions as a child, and rose to fame in the late 1990s as lead singer of R&B girl-group Destiny's Child. Managed by her father, Mathew Knowles, the group became one of the world's best-selling girl groups of all time. Their hiatus saw the release of Beyoncé's debut album, Dangerously in Love (2003), which established her as a solo artist worldwide, earned five Grammy Awards and featured the Billboard Hot 100 number-one singles ""Crazy in Love"" and ""Baby Boy""."
56d43c5f2ccc5a1400d830aa::LEX::2,56d43c5f2ccc5a1400d830aa,LEXICAL,2,What was Beyoncé's function within the girl-group Destiny's Child?,,,What role did Beyoncé have in Destiny's Child?,"Beyoncé Giselle Knowles-Carter (/biːˈjɒnseɪ/ bee-YON-say) (born September 4, 1981) is an American singer, songwriter, record producer and actress. Born and raised in Houston, Texas, she performed in various singing and dancing competitions as a child, and rose to fame in the late 1990s as lead singer of R&B girl-group Destiny's Child. Managed by her father, Mathew Knowles, the group became one of the world's best-selling girl groups of all time. Their hiatus saw the release of Beyoncé's debut album, Dangerously in Love (2003), which established her as a solo artist worldwide, earned five Grammy Awards and featured the Billboard Hot 100 number-one singles ""Crazy in Love"" and ""Baby Boy""."
